<?xml version="1.0" encoding="UTF-8" standalone="no"?>
<root>
    <elements>
        <element>
            <nodeartistDisplayName>Emile-Allain Séguy</nodeartistDisplayName>
            <nodecountry/>
            <nodeobjectDate>1925 or earlier</nodeobjectDate>
            <nodemeasurements1elementMeasurementsDepth>2</nodemeasurements1elementMeasurementsDepth>
            <nodegeographyType/>
            <nodeconstituents1gender/>
            <nodeobjectURL>https://www.metmuseum.org/art/collection/search/747740</nodeobjectURL>
            <nodeisHighlight>false</nodeisHighlight>
            <nodereign/>
            <nodecounty/>
            <nodeobjectEndDate>1925</nodeobjectEndDate>
            <nodeartistGender/>
            <noderepository>Metropolitan Museum of Art; New York; NY</noderepository>
            <nodemeasurements0elementName>Sheet</nodemeasurements0elementName>
            <nodemeasurements0elementDescription>null</nodemeasurements0elementDescription>
            <nodedynasty/>
            <nodeportfolio/>
            <nodeexcavation/>
            <nodestate/>
            <nodemeasurements1elementMeasurementsWidth>38.5</nodemeasurements1elementMeasurementsWidth>
            <nodeartistAlphaSort>Séguy; Emile-Allain</nodeartistAlphaSort>
            <nodeperiod/>
            <nodeprimaryImage/>
            <nodesubregion/>
            <nodemeasurements0elementMeasurementsWidth>35.2</nodemeasurements0elementMeasurementsWidth>
            <nodeclassification>Books</nodeclassification>
            <nodeconstituents1constituentID>163399</nodeconstituents1constituentID>
            <nodetags>null</nodetags>
            <nodeconstituents0name>Designed by Emile-Allain Séguy</nodeconstituents0name>
            <nodeobjectWikidataURL/>
            <nodeconstituents1role>Publisher</nodeconstituents1role>
            <nodeisTimelineWork>false</nodeisTimelineWork>
            <nodeaccessionYear>1977</nodeaccessionYear>
            <nodeconstituents0constituentWikidataURL>https://www.wikidata.org/wiki/Q53506477</nodeconstituents0constituentWikidataURL>
            <nodeconstituents1constituentULANURL/>
            <noderegion/>
            <nodeprimaryImageSmall/>
            <nodeconstituents0constituentID>87325</nodeconstituents0constituentID>
            <nodeisPublicDomain>false</nodeisPublicDomain>
            <nodeconstituents1constituentWikidataURL/>
            <nodeartistSuffix/>
            <nodecity/>
            <nodelinkResource/>
            <nodeartistPrefix>Designed by</nodeartistPrefix>
            <nodeartistWikidataURL>https://www.wikidata.org/wiki/Q53506477</nodeartistWikidataURL>
            <nodemedium>Pochoir</nodemedium>
            <nodemeasurements1elementName>Overall</nodemeasurements1elementName>
            <nodetitle>Floréal; Pl. 18</nodetitle>
            <nodelocale/>
            <nodeaccessionNumber>1977.643.5(18)</nodeaccessionNumber>
            <nodeartistEndDate>1951</nodeartistEndDate>
            <noderightsAndReproduction/>
            <nodemetadataDate>2021-06-05T04:45:37.2Z</nodemetadataDate>
            <nodecreditLine>Museum Accession; transferred from the Library</nodecreditLine>
            <nodeconstituents0constituentULANURL>(not assigned)</nodeconstituents0constituentULANURL>
            <nodeconstituents1name>Published by A. Calavas</nodeconstituents1name>
            <nodeartistRole>Designer</nodeartistRole>
            <nodeconstituents0role>Designer</nodeconstituents0role>
            <nodeconstituents0gender/>
            <nodedepartment>Drawings and Prints</nodedepartment>
            <nodemeasurements0elementMeasurementsHeight>53</nodemeasurements0elementMeasurementsHeight>
            <nodeadditionalImages>[]</nodeadditionalImages>
            <nodeGalleryNumber/>
            <nodemeasurements1elementMeasurementsHeight>44</nodemeasurements1elementMeasurementsHeight>
            <nodeobjectBeginDate>1920</nodeobjectBeginDate>
            <nodeartistBeginDate>1877</nodeartistBeginDate>
            <nodeartistULANURL>(not assigned)</nodeartistULANURL>
            <nodemeasurements1elementDescription>Album</nodemeasurements1elementDescription>
            <nodeculture/>
            <nodeartistNationality>French</nodeartistNationality>
            <nodeobjectName>Book Print Ornament &amp; Architecture</nodeobjectName>
            <nodeartistDisplayBio>French; 1877–1951</nodeartistDisplayBio>
            <nodelocus/>
            <noderiver/>
            <nodeobjectID>747740</nodeobjectID>
            <nodedimensions>Sheet: 20 7/8 × 13 7/8 in. (53 × 35.2 cm)Album: 17 5/16 × 15 3/16 × 13/16 in. (44 × 38.5 × 2 cm)</nodedimensions>
        </element>
        <element>
            <nodeartistDisplayName>Emile-Allain Séguy</nodeartistDisplayName>
            <nodecountry/>
            <nodeobjectDate>1925 or earlier</nodeobjectDate>
            <nodemeasurements1elementMeasurementsDepth>2</nodemeasurements1elementMeasurementsDepth>
            <nodegeographyType/>
            <nodeconstituents1gender/>
            <nodeobjectURL>https://www.metmuseum.org/art/collection/search/747741</nodeobjectURL>
            <nodeisHighlight>false</nodeisHighlight>
            <nodereign/>
            <nodecounty/>
            <nodeobjectEndDate>1925</nodeobjectEndDate>
            <nodeartistGender/>
            <noderepository>Metropolitan Museum of Art; New York; NY</noderepository>
            <nodemeasurements0elementName>Sheet</nodemeasurements0elementName>
            <nodemeasurements0elementDescription>null</nodemeasurements0elementDescription>
            <nodedynasty/>
            <nodeportfolio/>
            <nodeexcavation/>
            <nodestate/>
            <nodemeasurements1elementMeasurementsWidth>38.5</nodemeasurements1elementMeasurementsWidth>
            <nodeartistAlphaSort>Séguy; Emile-Allain</nodeartistAlphaSort>
            <nodeperiod/>
            <nodeprimaryImage/>
            <nodesubregion/>
            <nodemeasurements0elementMeasurementsWidth>35.2</nodemeasurements0elementMeasurementsWidth>
            <nodeclassification>Books</nodeclassification>
            <nodeconstituents1constituentID>163399</nodeconstituents1constituentID>
            <nodetags>null</nodetags>
            <nodeconstituents0name>Designed by Emile-Allain Séguy</nodeconstituents0name>
            <nodeobjectWikidataURL/>
            <nodeconstituents1role>Publisher</nodeconstituents1role>
            <nodeisTimelineWork>false</nodeisTimelineWork>
            <nodeaccessionYear>1977</nodeaccessionYear>
            <nodeconstituents0constituentWikidataURL>https://www.wikidata.org/wiki/Q53506477</nodeconstituents0constituentWikidataURL>
            <nodeconstituents1constituentULANURL/>
            <noderegion/>
            <nodeprimaryImageSmall/>
            <nodeconstituents0constituentID>87325</nodeconstituents0constituentID>
            <nodeisPublicDomain>false</nodeisPublicDomain>
            <nodeconstituents1constituentWikidataURL/>
            <nodeartistSuffix/>
            <nodecity/>
            <nodelinkResource/>
            <nodeartistPrefix>Designed by</nodeartistPrefix>
            <nodeartistWikidataURL>https://www.wikidata.org/wiki/Q53506477</nodeartistWikidataURL>
            <nodemedium>Pochoir</nodemedium>
            <nodemeasurements1elementName>Overall</nodemeasurements1elementName>
            <nodetitle>Floréal; Pl. 19</nodetitle>
            <nodelocale/>
            <nodeaccessionNumber>1977.643.5(19)</nodeaccessionNumber>
            <nodeartistEndDate>1951</nodeartistEndDate>
            <noderightsAndReproduction/>
            <nodemetadataDate>2021-06-05T04:45:37.2Z</nodemetadataDate>
            <nodecreditLine>Museum Accession; transferred from the Library</nodecreditLine>
            <nodeconstituents0constituentULANURL>(not assigned)</nodeconstituents0constituentULANURL>
            <nodeconstituents1name>Published by A. Calavas</nodeconstituents1name>
            <nodeartistRole>Designer</nodeartistRole>
            <nodeconstituents0role>Designer</nodeconstituents0role>
            <nodeconstituents0gender/>
            <nodedepartment>Drawings and Prints</nodedepartment>
            <nodemeasurements0elementMeasurementsHeight>53</nodemeasurements0elementMeasurementsHeight>
            <nodeadditionalImages>[]</nodeadditionalImages>
            <nodeGalleryNumber/>
            <nodemeasurements1elementMeasurementsHeight>44</nodemeasurements1elementMeasurementsHeight>
            <nodeobjectBeginDate>1920</nodeobjectBeginDate>
            <nodeartistBeginDate>1877</nodeartistBeginDate>
            <nodeartistULANURL>(not assigned)</nodeartistULANURL>
            <nodemeasurements1elementDescription>Album</nodemeasurements1elementDescription>
            <nodeculture/>
            <nodeartistNationality>French</nodeartistNationality>
            <nodeobjectName>Book Print Ornament &amp; Architecture</nodeobjectName>
            <nodeartistDisplayBio>French; 1877–1951</nodeartistDisplayBio>
            <nodelocus/>
            <noderiver/>
            <nodeobjectID>747741</nodeobjectID>
            <nodedimensions>Sheet: 20 7/8 × 13 7/8 in. (53 × 35.2 cm)Album: 17 5/16 × 15 3/16 × 13/16 in. (44 × 38.5 × 2 cm)</nodedimensions>
        </element>
        <element>
            <nodeartistDisplayName>Emile-Allain Séguy</nodeartistDisplayName>
            <nodecountry/>
            <nodeobjectDate>1925 or earlier</nodeobjectDate>
            <nodemeasurements1elementMeasurementsDepth/>
            <nodegeographyType/>
            <nodeconstituents1gender/>
            <nodeobjectURL>https://www.metmuseum.org/art/collection/search/747742</nodeobjectURL>
            <nodeisHighlight>false</nodeisHighlight>
            <nodereign/>
            <nodecounty/>
            <nodeobjectEndDate>1925</nodeobjectEndDate>
            <nodeartistGender/>
            <noderepository>Metropolitan Museum of Art; New York; NY</noderepository>
            <nodemeasurements0elementName>Overall</nodemeasurements0elementName>
            <nodemeasurements0elementDescription>Album</nodemeasurements0elementDescription>
            <nodedynasty/>
            <nodeportfolio/>
            <nodeexcavation/>
            <nodestate/>
            <nodemeasurements1elementMeasurementsWidth>35.2</nodemeasurements1elementMeasurementsWidth>
            <nodeartistAlphaSort>Séguy; Emile-Allain</nodeartistAlphaSort>
            <nodeperiod/>
            <nodeprimaryImage/>
            <nodesubregion/>
            <nodemeasurements0elementMeasurementsWidth>38.5</nodemeasurements0elementMeasurementsWidth>
            <nodeclassification>Books</nodeclassification>
            <nodeconstituents1constituentID>163399</nodeconstituents1constituentID>
            <nodetags>null</nodetags>
            <nodeconstituents0name>Designed by Emile-Allain Séguy</nodeconstituents0name>
            <nodeobjectWikidataURL/>
            <nodeconstituents1role>Publisher</nodeconstituents1role>
            <nodeisTimelineWork>false</nodeisTimelineWork>
            <nodeaccessionYear>1977</nodeaccessionYear>
            <nodeconstituents0constituentWikidataURL>https://www.wikidata.org/wiki/Q53506477</nodeconstituents0constituentWikidataURL>
            <nodeconstituents1constituentULANURL/>
            <noderegion/>
            <nodeprimaryImageSmall/>
            <nodeconstituents0constituentID>87325</nodeconstituents0constituentID>
            <nodeisPublicDomain>false</nodeisPublicDomain>
            <nodeconstituents1constituentWikidataURL/>
            <nodeartistSuffix/>
            <nodecity/>
            <nodelinkResource/>
            <nodeartistPrefix>Designed by</nodeartistPrefix>
            <nodeartistWikidataURL>https://www.wikidata.org/wiki/Q53506477</nodeartistWikidataURL>
            <nodemedium>Pochoir</nodemedium>
            <nodemeasurements1elementName>Sheet</nodemeasurements1elementName>
            <nodetitle>Floréal; Pl. 20</nodetitle>
            <nodelocale/>
            <nodeaccessionNumber>1977.643.5(20)</nodeaccessionNumber>
            <nodeartistEndDate>1951</nodeartistEndDate>
            <noderightsAndReproduction/>
            <nodemetadataDate>2021-06-05T04:45:37.2Z</nodemetadataDate>
            <nodecreditLine>Museum Accession; transferred from the Library</nodecreditLine>
            <nodeconstituents0constituentULANURL>(not assigned)</nodeconstituents0constituentULANURL>
            <nodeconstituents1name>Published by A. Calavas</nodeconstituents1name>
            <nodeartistRole>Designer</nodeartistRole>
            <nodeconstituents0role>Designer</nodeconstituents0role>
            <nodeconstituents0gender/>
            <nodedepartment>Drawings and Prints</nodedepartment>
            <nodemeasurements0elementMeasurementsHeight>44</nodemeasurements0elementMeasurementsHeight>
            <nodeadditionalImages>[]</nodeadditionalImages>
            <nodeGalleryNumber/>
            <nodemeasurements1elementMeasurementsHeight>53</nodemeasurements1elementMeasurementsHeight>
            <nodeobjectBeginDate>1920</nodeobjectBeginDate>
            <nodeartistBeginDate>1877</nodeartistBeginDate>
            <nodeartistULANURL>(not assigned)</nodeartistULANURL>
            <nodemeasurements1elementDescription>null</nodemeasurements1elementDescription>
            <nodeculture/>
            <nodeartistNationality>French</nodeartistNationality>
            <nodeobjectName>Book Print Ornament &amp; Architecture</nodeobjectName>
            <nodeartistDisplayBio>French; 1877–1951</nodeartistDisplayBio>
            <nodelocus/>
            <noderiver/>
            <nodeobjectID>747742</nodeobjectID>
            <nodedimensions>Sheet: 20 7/8 × 13 7/8 in. (53 × 35.2 cm)Album: 17 5/16 × 15 3/16 × 13/16 in. (44 × 38.5 × 2 cm)</nodedimensions>
        </element>
        <element>
            <nodeartistDisplayName>Emile-Allain Séguy</nodeartistDisplayName>
            <nodecountry/>
            <nodeobjectDate>[ca. 1920–29]</nodeobjectDate>
            <nodemeasurements1elementMeasurementsDepth>1.5</nodemeasurements1elementMeasurementsDepth>
            <nodegeographyType/>
            <nodeconstituents1gender/>
            <nodeobjectURL>https://www.metmuseum.org/art/collection/search/747743</nodeobjectURL>
            <nodeisHighlight>false</nodeisHighlight>
            <nodereign/>
            <nodecounty/>
            <nodeobjectEndDate>1929</nodeobjectEndDate>
            <nodeartistGender/>
            <noderepository>Metropolitan Museum of Art; New York; NY</noderepository>
            <nodemeasurements0elementName>Sheet</nodemeasurements0elementName>
            <nodemeasurements0elementDescription>null</nodemeasurements0elementDescription>
            <nodedynasty/>
            <nodeportfolio/>
            <nodeexcavation/>
            <nodestate/>
            <nodemeasurements1elementMeasurementsWidth>33.4</nodemeasurements1elementMeasurementsWidth>
            <nodeartistAlphaSort>Séguy; Emile-Allain</nodeartistAlphaSort>
            <nodeperiod/>
            <nodeprimaryImage/>
            <nodesubregion/>
            <nodemeasurements0elementMeasurementsWidth>31.8</nodemeasurements0elementMeasurementsWidth>
            <nodeclassification>Books</nodeclassification>
            <nodeconstituents1constituentID>84175</nodeconstituents1constituentID>
            <nodetags/>
            <nodeconstituents0name>Designed by Emile-Allain Séguy</nodeconstituents0name>
            <nodeobjectWikidataURL/>
            <nodeconstituents1role>Publisher</nodeconstituents1role>
            <nodeisTimelineWork>false</nodeisTimelineWork>
            <nodeaccessionYear>1991</nodeaccessionYear>
            <nodeconstituents0constituentWikidataURL>https://www.wikidata.org/wiki/Q53506477</nodeconstituents0constituentWikidataURL>
            <nodeconstituents1constituentULANURL/>
            <noderegion/>
            <nodeprimaryImageSmall/>
            <nodeconstituents0constituentID>87325</nodeconstituents0constituentID>
            <nodeisPublicDomain>false</nodeisPublicDomain>
            <nodeconstituents1constituentWikidataURL/>
            <nodeartistSuffix/>
            <nodecity/>
            <nodelinkResource/>
            <nodeartistPrefix>Designed by</nodeartistPrefix>
            <nodeartistWikidataURL>https://www.wikidata.org/wiki/Q53506477</nodeartistWikidataURL>
            <nodemedium>Lithography and pochoir</nodemedium>
            <nodemeasurements1elementName>Overall</nodemeasurements1elementName>
            <nodetitle>Papillons; Pl. 1</nodetitle>
            <nodelocale/>
            <nodeaccessionNumber>1991.1073.41(1)</nodeaccessionNumber>
            <nodeartistEndDate>1951</nodeartistEndDate>
            <noderightsAndReproduction/>
            <nodemetadataDate>2022-10-05T04:56:22.043Z</nodemetadataDate>
            <nodecreditLine>Rogers Fund; 1925; transferred from the Library</nodecreditLine>
            <nodeconstituents0constituentULANURL>(not assigned)</nodeconstituents0constituentULANURL>
            <nodeconstituents1name>Published by Tolmer Editeur</nodeconstituents1name>
            <nodeartistRole>Designer</nodeartistRole>
            <nodeconstituents0role>Designer</nodeconstituents0role>
            <nodeconstituents0gender/>
            <nodedepartment>Drawings and Prints</nodedepartment>
            <nodemeasurements0elementMeasurementsHeight>44.6</nodemeasurements0elementMeasurementsHeight>
            <nodeadditionalImages>[]</nodeadditionalImages>
            <nodeGalleryNumber/>
            <nodemeasurements1elementMeasurementsHeight>46</nodemeasurements1elementMeasurementsHeight>
            <nodeobjectBeginDate>1920</nodeobjectBeginDate>
            <nodeartistBeginDate>1877</nodeartistBeginDate>
            <nodeartistULANURL>(not assigned)</nodeartistULANURL>
            <nodemeasurements1elementDescription>Album</nodemeasurements1elementDescription>
            <nodeculture/>
            <nodeartistNationality>French</nodeartistNationality>
            <nodeobjectName>Book Print Ornament &amp; Archcitecture</nodeobjectName>
            <nodeartistDisplayBio>French; 1877–1951</nodeartistDisplayBio>
            <nodelocus/>
            <noderiver/>
            <nodeobjectID>747743</nodeobjectID>
            <nodedimensions>Sheet: 17 9/16 × 12 1/2 in. (44.6 × 31.8 cm)Album: 18 1/8 × 13 1/8 × 9/16 in. (46 × 33.4 × 1.5 cm)</nodedimensions>
        </element>
        <element>
            <nodeartistDisplayName>Emile-Allain Séguy</nodeartistDisplayName>
            <nodecountry/>
            <nodeobjectDate>[ca. 1920–29]</nodeobjectDate>
            <nodemeasurements1elementMeasurementsDepth/>
            <nodegeographyType/>
            <nodeconstituents1gender/>
            <nodeobjectURL>https://www.metmuseum.org/art/collection/search/747744</nodeobjectURL>
            <nodeisHighlight>false</nodeisHighlight>
            <nodereign/>
            <nodecounty/>
            <nodeobjectEndDate>1929</nodeobjectEndDate>
            <nodeartistGender/>
            <noderepository>Metropolitan Museum of Art; New York; NY</noderepository>
            <nodemeasurements0elementName>Overall</nodemeasurements0elementName>
            <nodemeasurements0elementDescription>Album</nodemeasurements0elementDescription>
            <nodedynasty/>
            <nodeportfolio/>
            <nodeexcavation/>
            <nodestate/>
            <nodemeasurements1elementMeasurementsWidth>31.8</nodemeasurements1elementMeasurementsWidth>
            <nodeartistAlphaSort>Séguy; Emile-Allain</nodeartistAlphaSort>
            <nodeperiod/>
            <nodeprimaryImage/>
            <nodesubregion/>
            <nodemeasurements0elementMeasurementsWidth>33.4</nodemeasurements0elementMeasurementsWidth>
            <nodeclassification>Books</nodeclassification>
            <nodeconstituents1constituentID>84175</nodeconstituents1constituentID>
            <nodetags/>
            <nodeconstituents0name>Designed by Emile-Allain Séguy</nodeconstituents0name>
            <nodeobjectWikidataURL/>
            <nodeconstituents1role>Publisher</nodeconstituents1role>
            <nodeisTimelineWork>false</nodeisTimelineWork>
            <nodeaccessionYear>1991</nodeaccessionYear>
            <nodeconstituents0constituentWikidataURL>https://www.wikidata.org/wiki/Q53506477</nodeconstituents0constituentWikidataURL>
            <nodeconstituents1constituentULANURL/>
            <noderegion/>
            <nodeprimaryImageSmall/>
            <nodeconstituents0constituentID>87325</nodeconstituents0constituentID>
            <nodeisPublicDomain>false</nodeisPublicDomain>
            <nodeconstituents1constituentWikidataURL/>
            <nodeartistSuffix/>
            <nodecity/>
            <nodelinkResource/>
            <nodeartistPrefix>Designed by</nodeartistPrefix>
            <nodeartistWikidataURL>https://www.wikidata.org/wiki/Q53506477</nodeartistWikidataURL>
            <nodemedium>Lithography and pochoir</nodemedium>
            <nodemeasurements1elementName>Sheet</nodemeasurements1elementName>
            <nodetitle>Papillons; Pl. 2</nodetitle>
            <nodelocale/>
            <nodeaccessionNumber>1991.1073.41(2)</nodeaccessionNumber>
            <nodeartistEndDate>1951</nodeartistEndDate>
            <noderightsAndReproduction/>
            <nodemetadataDate>2022-10-06T04:55:22.393Z</nodemetadataDate>
            <nodecreditLine>Rogers Fund; 1925; transferred from the Library</nodecreditLine>
            <nodeconstituents0constituentULANURL>(not assigned)</nodeconstituents0constituentULANURL>
            <nodeconstituents1name>Published by Tolmer Editeur</nodeconstituents1name>
            <nodeartistRole>Designer</nodeartistRole>
            <nodeconstituents0role>Designer</nodeconstituents0role>
            <nodeconstituents0gender/>
            <nodedepartment>Drawings and Prints</nodedepartment>
            <nodemeasurements0elementMeasurementsHeight>46</nodemeasurements0elementMeasurementsHeight>
            <nodeadditionalImages>[]</nodeadditionalImages>
            <nodeGalleryNumber/>
            <nodemeasurements1elementMeasurementsHeight>44.6</nodemeasurements1elementMeasurementsHeight>
            <nodeobjectBeginDate>1920</nodeobjectBeginDate>
            <nodeartistBeginDate>1877</nodeartistBeginDate>
            <nodeartistULANURL>(not assigned)</nodeartistULANURL>
            <nodemeasurements1elementDescription>null</nodemeasurements1elementDescription>
            <nodeculture/>
            <nodeartistNationality>French</nodeartistNationality>
            <nodeobjectName>Book Print Ornament &amp; Archcitecture</nodeobjectName>
            <nodeartistDisplayBio>French; 1877–1951</nodeartistDisplayBio>
            <nodelocus/>
            <noderiver/>
            <nodeobjectID>747744</nodeobjectID>
            <nodedimensions>Sheet: 17 9/16 × 12 1/2 in. (44.6 × 31.8 cm)Album: 18 1/8 × 13 1/8 × 9/16 in. (46 × 33.4 × 1.5 cm)</nodedimensions>
        </element>
        <element>
            <nodeartistDisplayName>Emile-Allain Séguy</nodeartistDisplayName>
            <nodecountry/>
            <nodeobjectDate>[ca. 1920–29]</nodeobjectDate>
            <nodemeasurements1elementMeasurementsDepth/>
            <nodegeographyType/>
            <nodeconstituents1gender/>
            <nodeobjectURL>https://www.metmuseum.org/art/collection/search/747745</nodeobjectURL>
            <nodeisHighlight>false</nodeisHighlight>
            <nodereign/>
            <nodecounty/>
            <nodeobjectEndDate>1929</nodeobjectEndDate>
            <nodeartistGender/>
            <noderepository>Metropolitan Museum of Art; New York; NY</noderepository>
            <nodemeasurements0elementName>Overall</nodemeasurements0elementName>
            <nodemeasurements0elementDescription>Album</nodemeasurements0elementDescription>
            <nodedynasty/>
            <nodeportfolio/>
            <nodeexcavation/>
            <nodestate/>
            <nodemeasurements1elementMeasurementsWidth>31.8</nodemeasurements1elementMeasurementsWidth>
            <nodeartistAlphaSort>Séguy; Emile-Allain</nodeartistAlphaSort>
            <nodeperiod/>
            <nodeprimaryImage/>
            <nodesubregion/>
            <nodemeasurements0elementMeasurementsWidth>33.4</nodemeasurements0elementMeasurementsWidth>
            <nodeclassification>Books</nodeclassification>
            <nodeconstituents1constituentID>84175</nodeconstituents1constituentID>
            <nodetags/>
            <nodeconstituents0name>Designed by Emile-Allain Séguy</nodeconstituents0name>
            <nodeobjectWikidataURL/>
            <nodeconstituents1role>Publisher</nodeconstituents1role>
            <nodeisTimelineWork>false</nodeisTimelineWork>
            <nodeaccessionYear>1991</nodeaccessionYear>
            <nodeconstituents0constituentWikidataURL>https://www.wikidata.org/wiki/Q53506477</nodeconstituents0constituentWikidataURL>
            <nodeconstituents1constituentULANURL/>
            <noderegion/>
            <nodeprimaryImageSmall/>
            <nodeconstituents0constituentID>87325</nodeconstituents0constituentID>
            <nodeisPublicDomain>false</nodeisPublicDomain>
            <nodeconstituents1constituentWikidataURL/>
            <nodeartistSuffix/>
            <nodecity/>
            <nodelinkResource/>
            <nodeartistPrefix>Designed by</nodeartistPrefix>
            <nodeartistWikidataURL>https://www.wikidata.org/wiki/Q53506477</nodeartistWikidataURL>
            <nodemedium>Lithography and pochoir</nodemedium>
            <nodemeasurements1elementName>Sheet</nodemeasurements1elementName>
            <nodetitle>Papillons; Pl. 3</nodetitle>
            <nodelocale/>
            <nodeaccessionNumber>1991.1073.41(3)</nodeaccessionNumber>
            <nodeartistEndDate>1951</nodeartistEndDate>
            <noderightsAndReproduction/>
            <nodemetadataDate>2022-10-05T04:56:22.043Z</nodemetadataDate>
            <nodecreditLine>Rogers Fund; 1925; transferred from the Library</nodecreditLine>
            <nodeconstituents0constituentULANURL>(not assigned)</nodeconstituents0constituentULANURL>
            <nodeconstituents1name>Published by Tolmer Editeur</nodeconstituents1name>
            <nodeartistRole>Designer</nodeartistRole>
            <nodeconstituents0role>Designer</nodeconstituents0role>
            <nodeconstituents0gender/>
            <nodedepartment>Drawings and Prints</nodedepartment>
            <nodemeasurements0elementMeasurementsHeight>46</nodemeasurements0elementMeasurementsHeight>
            <nodeadditionalImages>[]</nodeadditionalImages>
            <nodeGalleryNumber/>
            <nodemeasurements1elementMeasurementsHeight>44.6</nodemeasurements1elementMeasurementsHeight>
            <nodeobjectBeginDate>1920</nodeobjectBeginDate>
            <nodeartistBeginDate>1877</nodeartistBeginDate>
            <nodeartistULANURL>(not assigned)</nodeartistULANURL>
            <nodemeasurements1elementDescription>null</nodemeasurements1elementDescription>
            <nodeculture/>
            <nodeartistNationality>French</nodeartistNationality>
            <nodeobjectName>Book Print Ornament &amp; Archcitecture</nodeobjectName>
            <nodeartistDisplayBio>French; 1877–1951</nodeartistDisplayBio>
            <nodelocus/>
            <noderiver/>
            <nodeobjectID>747745</nodeobjectID>
            <nodedimensions>Sheet: 17 9/16 × 12 1/2 in. (44.6 × 31.8 cm)Album: 18 1/8 × 13 1/8 × 9/16 in. (46 × 33.4 × 1.5 cm)</nodedimensions>
        </element>
        <element>
            <nodeartistDisplayName>Emile-Allain Séguy</nodeartistDisplayName>
            <nodecountry/>
            <nodeobjectDate>[ca. 1920–29]</nodeobjectDate>
            <nodemeasurements1elementMeasurementsDepth/>
            <nodegeographyType/>
            <nodeconstituents1gender/>
            <nodeobjectURL>https://www.metmuseum.org/art/collection/search/747747</nodeobjectURL>
            <nodeisHighlight>false</nodeisHighlight>
            <nodereign/>
            <nodecounty/>
            <nodeobjectEndDate>1929</nodeobjectEndDate>
            <nodeartistGender/>
            <noderepository>Metropolitan Museum of Art; New York; NY</noderepository>
            <nodemeasurements0elementName>Overall</nodemeasurements0elementName>
            <nodemeasurements0elementDescription>Album</nodemeasurements0elementDescription>
            <nodedynasty/>
            <nodeportfolio/>
            <nodeexcavation/>
            <nodestate/>
            <nodemeasurements1elementMeasurementsWidth>31.8</nodemeasurements1elementMeasurementsWidth>
            <nodeartistAlphaSort>Séguy; Emile-Allain</nodeartistAlphaSort>
            <nodeperiod/>
            <nodeprimaryImage/>
            <nodesubregion/>
            <nodemeasurements0elementMeasurementsWidth>33.4</nodemeasurements0elementMeasurementsWidth>
            <nodeclassification>Books</nodeclassification>
            <nodeconstituents1constituentID>84175</nodeconstituents1constituentID>
            <nodetags/>
            <nodeconstituents0name>Designed by Emile-Allain Séguy</nodeconstituents0name>
            <nodeobjectWikidataURL/>
            <nodeconstituents1role>Publisher</nodeconstituents1role>
            <nodeisTimelineWork>false</nodeisTimelineWork>
            <nodeaccessionYear>1991</nodeaccessionYear>
            <nodeconstituents0constituentWikidataURL>https://www.wikidata.org/wiki/Q53506477</nodeconstituents0constituentWikidataURL>
            <nodeconstituents1constituentULANURL/>
            <noderegion/>
            <nodeprimaryImageSmall/>
            <nodeconstituents0constituentID>87325</nodeconstituents0constituentID>
            <nodeisPublicDomain>false</nodeisPublicDomain>
            <nodeconstituents1constituentWikidataURL/>
            <nodeartistSuffix/>
            <nodecity/>
            <nodelinkResource/>
            <nodeartistPrefix>Designed by</nodeartistPrefix>
            <nodeartistWikidataURL>https://www.wikidata.org/wiki/Q53506477</nodeartistWikidataURL>
            <nodemedium>Lithography and pochoir</nodemedium>
            <nodemeasurements1elementName>Sheet</nodemeasurements1elementName>
            <nodetitle>Papillons; Pl. 4</nodetitle>
            <nodelocale/>
            <nodeaccessionNumber>1991.1073.41(4)</nodeaccessionNumber>
            <nodeartistEndDate>1951</nodeartistEndDate>
            <noderightsAndReproduction/>
            <nodemetadataDate>2022-10-06T04:55:22.393Z</nodemetadataDate>
            <nodecreditLine>Rogers Fund; 1925; transferred from the Library</nodecreditLine>
            <nodeconstituents0constituentULANURL>(not assigned)</nodeconstituents0constituentULANURL>
            <nodeconstituents1name>Published by Tolmer Editeur</nodeconstituents1name>
            <nodeartistRole>Designer</nodeartistRole>
            <nodeconstituents0role>Designer</nodeconstituents0role>
            <nodeconstituents0gender/>
            <nodedepartment>Drawings and Prints</nodedepartment>
            <nodemeasurements0elementMeasurementsHeight>46</nodemeasurements0elementMeasurementsHeight>
            <nodeadditionalImages>[]</nodeadditionalImages>
            <nodeGalleryNumber/>
            <nodemeasurements1elementMeasurementsHeight>44.6</nodemeasurements1elementMeasurementsHeight>
            <nodeobjectBeginDate>1920</nodeobjectBeginDate>
            <nodeartistBeginDate>1877</nodeartistBeginDate>
            <nodeartistULANURL>(not assigned)</nodeartistULANURL>
            <nodemeasurements1elementDescription>null</nodemeasurements1elementDescription>
            <nodeculture/>
            <nodeartistNationality>French</nodeartistNationality>
            <nodeobjectName>Book Print Ornament &amp; Archcitecture</nodeobjectName>
            <nodeartistDisplayBio>French; 1877–1951</nodeartistDisplayBio>
            <nodelocus/>
            <noderiver/>
            <nodeobjectID>747747</nodeobjectID>
            <nodedimensions>Sheet: 17 9/16 × 12 1/2 in. (44.6 × 31.8 cm)Album: 18 1/8 × 13 1/8 × 9/16 in. (46 × 33.4 × 1.5 cm)</nodedimensions>
        </element>
        <element>
            <nodeartistDisplayName>Emile-Allain Séguy</nodeartistDisplayName>
            <nodecountry/>
            <nodeobjectDate>[ca. 1920–29]</nodeobjectDate>
            <nodemeasurements1elementMeasurementsDepth/>
            <nodegeographyType/>
            <nodeconstituents1gender/>
            <nodeobjectURL>https://www.metmuseum.org/art/collection/search/747748</nodeobjectURL>
            <nodeisHighlight>false</nodeisHighlight>
            <nodereign/>
            <nodecounty/>
            <nodeobjectEndDate>1929</nodeobjectEndDate>
            <nodeartistGender/>
            <noderepository>Metropolitan Museum of Art; New York; NY</noderepository>
            <nodemeasurements0elementName>Overall</nodemeasurements0elementName>
            <nodemeasurements0elementDescription>Album</nodemeasurements0elementDescription>
            <nodedynasty/>
            <nodeportfolio/>
            <nodeexcavation/>
            <nodestate/>
            <nodemeasurements1elementMeasurementsWidth>31.8</nodemeasurements1elementMeasurementsWidth>
            <nodeartistAlphaSort>Séguy; Emile-Allain</nodeartistAlphaSort>
            <nodeperiod/>
            <nodeprimaryImage/>
            <nodesubregion/>
            <nodemeasurements0elementMeasurementsWidth>33.4</nodemeasurements0elementMeasurementsWidth>
            <nodeclassification>Books</nodeclassification>
            <nodeconstituents1constituentID>84175</nodeconstituents1constituentID>
            <nodetags/>
            <nodeconstituents0name>Designed by Emile-Allain Séguy</nodeconstituents0name>
            <nodeobjectWikidataURL/>
            <nodeconstituents1role>Publisher</nodeconstituents1role>
            <nodeisTimelineWork>false</nodeisTimelineWork>
            <nodeaccessionYear>1991</nodeaccessionYear>
            <nodeconstituents0constituentWikidataURL>https://www.wikidata.org/wiki/Q53506477</nodeconstituents0constituentWikidataURL>
            <nodeconstituents1constituentULANURL/>
            <noderegion/>
            <nodeprimaryImageSmall/>
            <nodeconstituents0constituentID>87325</nodeconstituents0constituentID>
            <nodeisPublicDomain>false</nodeisPublicDomain>
            <nodeconstituents1constituentWikidataURL/>
            <nodeartistSuffix/>
            <nodecity/>
            <nodelinkResource/>
            <nodeartistPrefix>Designed by</nodeartistPrefix>
            <nodeartistWikidataURL>https://www.wikidata.org/wiki/Q53506477</nodeartistWikidataURL>
            <nodemedium>Lithography and pochoir</nodemedium>
            <nodemeasurements1elementName>Sheet</nodemeasurements1elementName>
            <nodetitle>Papillons; Pl. 5</nodetitle>
            <nodelocale/>
            <nodeaccessionNumber>1991.1073.41(5)</nodeaccessionNumber>
            <nodeartistEndDate>1951</nodeartistEndDate>
            <noderightsAndReproduction/>
            <nodemetadataDate>2022-10-06T04:55:22.393Z</nodemetadataDate>
            <nodecreditLine>Rogers Fund; 1925; transferred from the Library</nodecreditLine>
            <nodeconstituents0constituentULANURL>(not assigned)</nodeconstituents0constituentULANURL>
            <nodeconstituents1name>Published by Tolmer Editeur</nodeconstituents1name>
            <nodeartistRole>Designer</nodeartistRole>
            <nodeconstituents0role>Designer</nodeconstituents0role>
            <nodeconstituents0gender/>
            <nodedepartment>Drawings and Prints</nodedepartment>
            <nodemeasurements0elementMeasurementsHeight>46</nodemeasurements0elementMeasurementsHeight>
            <nodeadditionalImages>[]</nodeadditionalImages>
            <nodeGalleryNumber/>
            <nodemeasurements1elementMeasurementsHeight>44.6</nodemeasurements1elementMeasurementsHeight>
            <nodeobjectBeginDate>1920</nodeobjectBeginDate>
            <nodeartistBeginDate>1877</nodeartistBeginDate>
            <nodeartistULANURL>(not assigned)</nodeartistULANURL>
            <nodemeasurements1elementDescription>null</nodemeasurements1elementDescription>
            <nodeculture/>
            <nodeartistNationality>French</nodeartistNationality>
            <nodeobjectName>Book Print Ornament &amp; Archcitecture</nodeobjectName>
            <nodeartistDisplayBio>French; 1877–1951</nodeartistDisplayBio>
            <nodelocus/>
            <noderiver/>
            <nodeobjectID>747748</nodeobjectID>
            <nodedimensions>Sheet: 17 9/16 × 12 1/2 in. (44.6 × 31.8 cm)Album: 18 1/8 × 13 1/8 × 9/16 in. (46 × 33.4 × 1.5 cm)</nodedimensions>
        </element>
        <element>
            <nodeartistDisplayName>Emile-Allain Séguy</nodeartistDisplayName>
            <nodecountry/>
            <nodeobjectDate>[ca. 1920–29]</nodeobjectDate>
            <nodemeasurements1elementMeasurementsDepth/>
            <nodegeographyType/>
            <nodeconstituents1gender/>
            <nodeobjectURL>https://www.metmuseum.org/art/collection/search/747749</nodeobjectURL>
            <nodeisHighlight>false</nodeisHighlight>
            <nodereign/>
            <nodecounty/>
            <nodeobjectEndDate>1929</nodeobjectEndDate>
            <nodeartistGender/>
            <noderepository>Metropolitan Museum of Art; New York; NY</noderepository>
            <nodemeasurements0elementName>Overall</nodemeasurements0elementName>
            <nodemeasurements0elementDescription>Album</nodemeasurements0elementDescription>
            <nodedynasty/>
            <nodeportfolio/>
            <nodeexcavation/>
            <nodestate/>
            <nodemeasurements1elementMeasurementsWidth>31.8</nodemeasurements1elementMeasurementsWidth>
            <nodeartistAlphaSort>Séguy; Emile-Allain</nodeartistAlphaSort>
            <nodeperiod/>
            <nodeprimaryImage/>
            <nodesubregion/>
            <nodemeasurements0elementMeasurementsWidth>33.4</nodemeasurements0elementMeasurementsWidth>
            <nodeclassification>Books</nodeclassification>
            <nodeconstituents1constituentID>84175</nodeconstituents1constituentID>
            <nodetags/>
            <nodeconstituents0name>Designed by Emile-Allain Séguy</nodeconstituents0name>
            <nodeobjectWikidataURL/>
            <nodeconstituents1role>Publisher</nodeconstituents1role>
            <nodeisTimelineWork>false</nodeisTimelineWork>
            <nodeaccessionYear>1991</nodeaccessionYear>
            <nodeconstituents0constituentWikidataURL>https://www.wikidata.org/wiki/Q53506477</nodeconstituents0constituentWikidataURL>
            <nodeconstituents1constituentULANURL/>
            <noderegion/>
            <nodeprimaryImageSmall/>
            <nodeconstituents0constituentID>87325</nodeconstituents0constituentID>
            <nodeisPublicDomain>false</nodeisPublicDomain>
            <nodeconstituents1constituentWikidataURL/>
            <nodeartistSuffix/>
            <nodecity/>
            <nodelinkResource/>
            <nodeartistPrefix>Designed by</nodeartistPrefix>
            <nodeartistWikidataURL>https://www.wikidata.org/wiki/Q53506477</nodeartistWikidataURL>
            <nodemedium>Lithography and pochoir</nodemedium>
            <nodemeasurements1elementName>Sheet</nodemeasurements1elementName>
            <nodetitle>Papillons; Pl. 6</nodetitle>
            <nodelocale/>
            <nodeaccessionNumber>1991.1073.41(6)</nodeaccessionNumber>
            <nodeartistEndDate>1951</nodeartistEndDate>
            <noderightsAndReproduction/>
            <nodemetadataDate>2022-10-06T04:55:22.393Z</nodemetadataDate>
            <nodecreditLine>Rogers Fund; 1925; transferred from the Library</nodecreditLine>
            <nodeconstituents0constituentULANURL>(not assigned)</nodeconstituents0constituentULANURL>
            <nodeconstituents1name>Published by Tolmer Editeur</nodeconstituents1name>
            <nodeartistRole>Designer</nodeartistRole>
            <nodeconstituents0role>Designer</nodeconstituents0role>
            <nodeconstituents0gender/>
            <nodedepartment>Drawings and Prints</nodedepartment>
            <nodemeasurements0elementMeasurementsHeight>46</nodemeasurements0elementMeasurementsHeight>
            <nodeadditionalImages>[]</nodeadditionalImages>
            <nodeGalleryNumber/>
            <nodemeasurements1elementMeasurementsHeight>44.6</nodemeasurements1elementMeasurementsHeight>
            <nodeobjectBeginDate>1920</nodeobjectBeginDate>
            <nodeartistBeginDate>1877</nodeartistBeginDate>
            <nodeartistULANURL>(not assigned)</nodeartistULANURL>
            <nodemeasurements1elementDescription>null</nodemeasurements1elementDescription>
            <nodeculture/>
            <nodeartistNationality>French</nodeartistNationality>
            <nodeobjectName>Book Print Ornament &amp; Archcitecture</nodeobjectName>
            <nodeartistDisplayBio>French; 1877–1951</nodeartistDisplayBio>
            <nodelocus/>
            <noderiver/>
            <nodeobjectID>747749</nodeobjectID>
            <nodedimensions>Sheet: 17 9/16 × 12 1/2 in. (44.6 × 31.8 cm)Album: 18 1/8 × 13 1/8 × 9/16 in. (46 × 33.4 × 1.5 cm)</nodedimensions>
        </element>
        <element>
            <nodeartistDisplayName>Emile-Allain Séguy</nodeartistDisplayName>
            <nodecountry/>
            <nodeobjectDate>[ca. 1920–29]</nodeobjectDate>
            <nodemeasurements1elementMeasurementsDepth/>
            <nodegeographyType/>
            <nodeconstituents1gender/>
            <nodeobjectURL>https://www.metmuseum.org/art/collection/search/747750</nodeobjectURL>
            <nodeisHighlight>false</nodeisHighlight>
            <nodereign/>
            <nodecounty/>
            <nodeobjectEndDate>1929</nodeobjectEndDate>
            <nodeartistGender/>
            <noderepository>Metropolitan Museum of Art; New York; NY</noderepository>
            <nodemeasurements0elementName>Overall</nodemeasurements0elementName>
            <nodemeasurements0elementDescription>Album</nodemeasurements0elementDescription>
            <nodedynasty/>
            <nodeportfolio/>
            <nodeexcavation/>
            <nodestate/>
            <nodemeasurements1elementMeasurementsWidth>31.8</nodemeasurements1elementMeasurementsWidth>
            <nodeartistAlphaSort>Séguy; Emile-Allain</nodeartistAlphaSort>
            <nodeperiod/>
            <nodeprimaryImage/>
            <nodesubregion/>
            <nodemeasurements0elementMeasurementsWidth>33.4</nodemeasurements0elementMeasurementsWidth>
            <nodeclassification>Books</nodeclassification>
            <nodeconstituents1constituentID>84175</nodeconstituents1constituentID>
            <nodetags/>
            <nodeconstituents0name>Designed by Emile-Allain Séguy</nodeconstituents0name>
            <nodeobjectWikidataURL/>
            <nodeconstituents1role>Publisher</nodeconstituents1role>
            <nodeisTimelineWork>false</nodeisTimelineWork>
            <nodeaccessionYear>1991</nodeaccessionYear>
            <nodeconstituents0constituentWikidataURL>https://www.wikidata.org/wiki/Q53506477</nodeconstituents0constituentWikidataURL>
            <nodeconstituents1constituentULANURL/>
            <noderegion/>
            <nodeprimaryImageSmall/>
            <nodeconstituents0constituentID>87325</nodeconstituents0constituentID>
            <nodeisPublicDomain>false</nodeisPublicDomain>
            <nodeconstituents1constituentWikidataURL/>
            <nodeartistSuffix/>
            <nodecity/>
            <nodelinkResource/>
            <nodeartistPrefix>Designed by</nodeartistPrefix>
            <nodeartistWikidataURL>https://www.wikidata.org/wiki/Q53506477</nodeartistWikidataURL>
            <nodemedium>Lithography and pochoir</nodemedium>
            <nodemeasurements1elementName>Sheet</nodemeasurements1elementName>
            <nodetitle>Papillons; Pl. 7</nodetitle>
            <nodelocale/>
            <nodeaccessionNumber>1991.1073.41(7)</nodeaccessionNumber>
            <nodeartistEndDate>1951</nodeartistEndDate>
            <noderightsAndReproduction/>
            <nodemetadataDate>2022-10-05T04:56:22.043Z</nodemetadataDate>
            <nodecreditLine>Rogers Fund; 1925; transferred from the Library</nodecreditLine>
            <nodeconstituents0constituentULANURL>(not assigned)</nodeconstituents0constituentULANURL>
            <nodeconstituents1name>Published by Tolmer Editeur</nodeconstituents1name>
            <nodeartistRole>Designer</nodeartistRole>
            <nodeconstituents0role>Designer</nodeconstituents0role>
            <nodeconstituents0gender/>
            <nodedepartment>Drawings and Prints</nodedepartment>
            <nodemeasurements0elementMeasurementsHeight>46</nodemeasurements0elementMeasurementsHeight>
            <nodeadditionalImages>[]</nodeadditionalImages>
            <nodeGalleryNumber/>
            <nodemeasurements1elementMeasurementsHeight>44.6</nodemeasurements1elementMeasurementsHeight>
            <nodeobjectBeginDate>1920</nodeobjectBeginDate>
            <nodeartistBeginDate>1877</nodeartistBeginDate>
            <nodeartistULANURL>(not assigned)</nodeartistULANURL>
            <nodemeasurements1elementDescription>null</nodemeasurements1elementDescription>
            <nodeculture/>
            <nodeartistNationality>French</nodeartistNationality>
            <nodeobjectName>Book Print Ornament &amp; Archcitecture</nodeobjectName>
            <nodeartistDisplayBio>French; 1877–1951</nodeartistDisplayBio>
            <nodelocus/>
            <noderiver/>
            <nodeobjectID>747750</nodeobjectID>
            <nodedimensions>Sheet: 17 9/16 × 12 1/2 in. (44.6 × 31.8 cm)Album: 18 1/8 × 13 1/8 × 9/16 in. (46 × 33.4 × 1.5 cm)</nodedimensions>
        </element>
        <element>
            <nodeartistDisplayName>Emile-Allain Séguy</nodeartistDisplayName>
            <nodecountry/>
            <nodeobjectDate>[ca. 1920–29]</nodeobjectDate>
            <nodemeasurements1elementMeasurementsDepth/>
            <nodegeographyType/>
            <nodeconstituents1gender/>
            <nodeobjectURL>https://www.metmuseum.org/art/collection/search/747751</nodeobjectURL>
            <nodeisHighlight>false</nodeisHighlight>
            <nodereign/>
            <nodecounty/>
            <nodeobjectEndDate>1929</nodeobjectEndDate>
            <nodeartistGender/>
            <noderepository>Metropolitan Museum of Art; New York; NY</noderepository>
            <nodemeasurements0elementName>Overall</nodemeasurements0elementName>
            <nodemeasurements0elementDescription>Album</nodemeasurements0elementDescription>
            <nodedynasty/>
            <nodeportfolio/>
            <nodeexcavation/>
            <nodestate/>
            <nodemeasurements1elementMeasurementsWidth>31.8</nodemeasurements1elementMeasurementsWidth>
            <nodeartistAlphaSort>Séguy; Emile-Allain</nodeartistAlphaSort>
            <nodeperiod/>
            <nodeprimaryImage/>
            <nodesubregion/>
            <nodemeasurements0elementMeasurementsWidth>33.4</nodemeasurements0elementMeasurementsWidth>
            <nodeclassification>Books</nodeclassification>
            <nodeconstituents1constituentID>84175</nodeconstituents1constituentID>
            <nodetags/>
            <nodeconstituents0name>Designed by Emile-Allain Séguy</nodeconstituents0name>
            <nodeobjectWikidataURL/>
            <nodeconstituents1role>Publisher</nodeconstituents1role>
            <nodeisTimelineWork>false</nodeisTimelineWork>
            <nodeaccessionYear>1991</nodeaccessionYear>
            <nodeconstituents0constituentWikidataURL>https://www.wikidata.org/wiki/Q53506477</nodeconstituents0constituentWikidataURL>
            <nodeconstituents1constituentULANURL/>
            <noderegion/>
            <nodeprimaryImageSmall/>
            <nodeconstituents0constituentID>87325</nodeconstituents0constituentID>
            <nodeisPublicDomain>false</nodeisPublicDomain>
            <nodeconstituents1constituentWikidataURL/>
            <nodeartistSuffix/>
            <nodecity/>
            <nodelinkResource/>
            <nodeartistPrefix>Designed by</nodeartistPrefix>
            <nodeartistWikidataURL>https://www.wikidata.org/wiki/Q53506477</nodeartistWikidataURL>
            <nodemedium>Lithography and pochoir</nodemedium>
            <nodemeasurements1elementName>Sheet</nodemeasurements1elementName>
            <nodetitle>Papillons; Pl. 8</nodetitle>
            <nodelocale/>
            <nodeaccessionNumber>1991.1073.41(8)</nodeaccessionNumber>
            <nodeartistEndDate>1951</nodeartistEndDate>
            <noderightsAndReproduction/>
            <nodemetadataDate>2022-10-06T04:55:22.393Z</nodemetadataDate>
            <nodecreditLine>Rogers Fund; 1925; transferred from the Library</nodecreditLine>
            <nodeconstituents0constituentULANURL>(not assigned)</nodeconstituents0constituentULANURL>
            <nodeconstituents1name>Published by Tolmer Editeur</nodeconstituents1name>
            <nodeartistRole>Designer</nodeartistRole>
            <nodeconstituents0role>Designer</nodeconstituents0role>
            <nodeconstituents0gender/>
            <nodedepartment>Drawings and Prints</nodedepartment>
            <nodemeasurements0elementMeasurementsHeight>46</nodemeasurements0elementMeasurementsHeight>
            <nodeadditionalImages>[]</nodeadditionalImages>
            <nodeGalleryNumber/>
            <nodemeasurements1elementMeasurementsHeight>44.6</nodemeasurements1elementMeasurementsHeight>
            <nodeobjectBeginDate>1920</nodeobjectBeginDate>
            <nodeartistBeginDate>1877</nodeartistBeginDate>
            <nodeartistULANURL>(not assigned)</nodeartistULANURL>
            <nodemeasurements1elementDescription>null</nodemeasurements1elementDescription>
            <nodeculture/>
            <nodeartistNationality>French</nodeartistNationality>
            <nodeobjectName>Book Print Ornament &amp; Archcitecture</nodeobjectName>
            <nodeartistDisplayBio>French; 1877–1951</nodeartistDisplayBio>
            <nodelocus/>
            <noderiver/>
            <nodeobjectID>747751</nodeobjectID>
            <nodedimensions>Sheet: 17 9/16 × 12 1/2 in. (44.6 × 31.8 cm)Album: 18 1/8 × 13 1/8 × 9/16 in. (46 × 33.4 × 1.5 cm)</nodedimensions>
        </element>
    </elements>
</root>
